OBJECTNUMMER;Objectnummer;Soort;Voeding;Rotatie;Actief;Privacyverklaring;WKT_LNG_LAT;WKT_LAT_LNG;LNG;LAT
1;"GAWW-03";"Telcamera";"Eigen voeding via lichtnet";115;"Nee";"";"POINT(4.8973882 52.3725107)";"POINT(52.3725107 4.8973882)";4.8973882;52.3725107
2;"GAWW-03";"WiFi sensor";"Eigen voeding via lichtnet";115;"Nee";"https://www.amsterdam.nl/privacy/specifieke/privacyverklaringen-e/crowdmanagement/";"POINT(4.8973286 52.3725307)";"POINT(52.3725307 4.8973286)";4.8973286;52.3725307
3;"GAWW-02";"WiFi sensor";"Eigen voeding via lichtnet";115;"Nee";"https://www.amsterdam.nl/privacy/specifieke/privacyverklaringen-e/crowdmanagement/";"POINT(4.8988655 52.3738052)";"POINT(52.3738052 4.8988655)";4.8988655;52.3738052
4;"GAWW-02";"Telcamera";"Eigen voeding via lichtnet";115;"Nee";"";"POINT(4.8988977 52.3737927)";"POINT(52.3737927 4.8988977)";4.8988977;52.3737927
5;"GAWW-01";"WiFi sensor";"Eigen voeding via lichtnet";0;"Nee";"https://www.amsterdam.nl/privacy/specifieke/privacyverklaringen-e/crowdmanagement/";"POINT(4.8997617 52.374634)";"POINT(52.374634 4.8997617)";4.8997617;52.374634
6;"GAWW-01";"Telcamera";"Eigen voeding via lichtnet";115;"Nee";"";"POINT(4.8998421 52.3746076)";"POINT(52.3746076 4.8998421)";4.8998421;52.3746076
7;"GAWW-05";"Telcamera";"Eigen voeding via lichtnet";14;"Nee";"";"POINT(4.8977116 52.3723604)";"POINT(52.3723604 4.8977116)";4.8977116;52.3723604
8;"GAWW-08";"WiFi sensor";"Eigen voeding via lichtnet";0;"Nee";"https://www.amsterdam.nl/privacy/specifieke/privacyverklaringen-e/crowdmanagement/";"POINT(4.8971877 52.3716573)";"POINT(52.3716573 4.8971877)";4.8971877;52.3716573
9;"GAWW-10";"WiFi sensor";"Eigen voeding via lichtnet";0;"Nee";"https://www.amsterdam.nl/privacy/specifieke/privacyverklaringen-e/crowdmanagement/";"POINT(4.8988029 52.372376)";"POINT(52.372376 4.8988029)";4.8988029;52.372376
10;"GAWW-06";"Telcamera";"Eigen voeding via lichtnet";20;"Nee";"";"POINT(4.8980838 52.3724649)";"POINT(52.3724649 4.8980838)";4.8980838;52.3724649
11;"GAWW-06";"WiFi sensor";"Eigen voeding via lichtnet";0;"Nee";"https://www.amsterdam.nl/privacy/specifieke/privacyverklaringen-e/crowdmanagement/";"POINT(4.8980481 52.372423)";"POINT(52.372423 4.8980481)";4.8980481;52.372423
12;"GAWW-04";"WiFi sensor";"Eigen voeding via lichtnet";0;"Nee";"https://www.amsterdam.nl/privacy/specifieke/privacyverklaringen-e/crowdmanagement/";"POINT(4.8979861 52.3733555)";"POINT(52.3733555 4.8979861)";4.8979861;52.3733555
13;"GAWW-04";"Telcamera";"Eigen voeding via lichtnet";30;"Nee";"";"POINT(4.8979026 52.37329)";"POINT(52.37329 4.8979026)";4.8979026;52.37329
14;"GAWW-07";"Telcamera";"Eigen voeding via lichtnet";110;"Nee";"";"POINT(4.9003493 52.3744615)";"POINT(52.3744615 4.9003493)";4.9003493;52.3744615
15;"GAWW-07";"WiFi sensor";"Eigen voeding via lichtnet";0;"Nee";"https://www.amsterdam.nl/privacy/specifieke/privacyverklaringen-e/crowdmanagement/";"POINT(4.9004355 52.3744209)";"POINT(52.3744209 4.9004355)";4.9004355;52.3744209
16;"GAWW-09";"WiFi sensor";"Eigen voeding via lichtnet";0;"Nee";"https://www.amsterdam.nl/privacy/specifieke/privacyverklaringen-e/crowdmanagement/";"POINT(4.8984745 52.3750468)";"POINT(52.3750468 4.8984745)";4.8984745;52.3750468
17;"GAKW-01";"WiFi sensor";"Eigen voeding via lichtnet";0;"Nee";"https://www.amsterdam.nl/privacy/specifieke/privacyverklaringen-e/crowdmanagement/";"POINT(4.8920947 52.3725984)";"POINT(52.3725984 4.8920947)";4.8920947;52.3725984
18;"GAKW-02";"WiFi sensor";"Eigen voeding via lichtnet";0;"Nee";"https://www.amsterdam.nl/privacy/specifieke/privacyverklaringen-e/crowdmanagement/";"POINT(4.8916984 52.3708291)";"POINT(52.3708291 4.8916984)";4.8916984;52.3708291
19;"GAKW-03";"WiFi sensor";"Eigen voeding via lichtnet";0;"Nee";"https://www.amsterdam.nl/privacy/specifieke/privacyverklaringen-e/crowdmanagement/";"POINT(4.8910722 52.3687529)";"POINT(52.3687529 4.8910722)";4.8910722;52.3687529
20;"GAKW-05";"WiFi sensor";"Eigen voeding via lichtnet";0;"Nee";"https://www.amsterdam.nl/privacy/specifieke/privacyverklaringen-e/crowdmanagement/";"POINT(4.8922527 52.3693896)";"POINT(52.3693896 4.8922527)";4.8922527;52.3693896
21;"GAKW-04";"3D sensor";"Eigen voeding via lichtnet";0;"Nee";"";"POINT(4.8916561 52.3680077)";"POINT(52.3680077 4.8916561)";4.8916561;52.3680077
22;"GAKW-02";"3D sensor";"Eigen voeding via lichtnet";0;"Nee";"";"POINT(4.8916806 52.3708063)";"POINT(52.3708063 4.8916806)";4.8916806;52.3708063
23;"GAKW-01";"Telcamera";"Eigen voeding via lichtnet";200;"Nee";"";"POINT(4.8920887 52.3725294)";"POINT(52.3725294 4.8920887)";4.8920887;52.3725294
24;"GAKW-02";"Telcamera";"Eigen voeding via lichtnet";175;"Nee";"https://www.amsterdam.nl/privacy/specifieke/privacyverklaring-parkeren-verkeer-bouw/crowd-monitoring-systeem-amsterdam/";"POINT(4.8916944 52.3708194)";"POINT(52.3708194 4.8916944)";4.8916944;52.3708194
26;"GABW-03";"WiFi sensor";"Vaste spanning";0;"Nee";"https://www.amsterdam.nl/privacy/specifieke/privacyverklaringen-e/crowdmanagement/";"POINT(4.901852 52.3794284)";"POINT(52.3794284 4.901852)";4.901852;52.3794284
27;"GABW-04";"WiFi sensor";"Vaste spanning";0;"Nee";"https://www.amsterdam.nl/privacy/specifieke/privacyverklaringen-e/crowdmanagement/";"POINT(4.9013573 52.3794903)";"POINT(52.3794903 4.9013573)";4.9013573;52.3794903
28;"GABW-06";"WiFi sensor";"Vaste spanning";0;"Nee";"https://www.amsterdam.nl/privacy/specifieke/privacyverklaringen-e/crowdmanagement/";"POINT(4.9007613 52.3797486)";"POINT(52.3797486 4.9007613)";4.9007613;52.3797486
29;"GABW-02";"WiFi sensor";"Eigen voeding via lichtnet";0;"Nee";"https://www.amsterdam.nl/privacy/specifieke/privacyverklaringen-e/crowdmanagement/";"POINT(4.9003023 52.3800033)";"POINT(52.3800033 4.9003023)";4.9003023;52.3800033
30;"GABW-01";"WiFi sensor";"Vaste spanning";0;"Nee";"https://www.amsterdam.nl/privacy/specifieke/privacyverklaringen-e/crowdmanagement/";"POINT(4.8995572 52.3801306)";"POINT(52.3801306 4.8995572)";4.8995572;52.3801306
31;"GAAB-07";"Telcamera";"Eigen voeding via lichtnet";160;"Nee";"";"POINT(4.9447107 52.3135635)";"POINT(52.3135635 4.9447107)";4.9447107;52.3135635
32;"GABW-05";"WiFi sensor";"Vaste spanning";0;"Nee";"https://www.amsterdam.nl/privacy/specifieke/privacyverklaringen-e/crowdmanagement/";"POINT(4.9021011 52.3792378)";"POINT(52.3792378 4.9021011)";4.9021011;52.3792378
33;"GAAB-07";"WiFi sensor";"Eigen voeding via lichtnet";0;"Nee";"https://www.amsterdam.nl/privacy/specifieke/privacyverklaringen-e/crowdmanagement/";"POINT(4.9446357 52.3136536)";"POINT(52.3136536 4.9446357)";4.9446357;52.3136536
34;"GAAB-01-01";"Telcamera";"Eigen voeding via lichtnet";100;"Nee";"";"POINT(4.9446052 52.3130305)";"POINT(52.3130305 4.9446052)";4.9446052;52.3130305
35;"GAAB-01-02";"Telcamera";"Eigen voeding via lichtnet";100;"Nee";"";"POINT(4.9443543 52.3126442)";"POINT(52.3126442 4.9443543)";4.9443543;52.3126442
36;"GAAB-01-01";"WiFi sensor";"Eigen voeding via lichtnet";0;"Nee";"https://www.amsterdam.nl/privacy/specifieke/privacyverklaringen-e/crowdmanagement/";"POINT(4.9444795 52.3130122)";"POINT(52.3130122 4.9444795)";4.9444795;52.3130122
37;"GAAB-01-02";"WiFi sensor";"Eigen voeding via lichtnet";0;"Nee";"https://www.amsterdam.nl/privacy/specifieke/privacyverklaringen-e/crowdmanagement/";"POINT(4.944241 52.3126187)";"POINT(52.3126187 4.944241)";4.944241;52.3126187
38;"GAAB-10";"WiFi sensor";"Eigen voeding via lichtnet";0;"Nee";"https://www.amsterdam.nl/privacy/specifieke/privacyverklaringen-e/crowdmanagement/";"POINT(4.9479068 52.3126963)";"POINT(52.3126963 4.9479068)";4.9479068;52.3126963
39;"GAAB-11";"WiFi sensor";"Eigen voeding via lichtnet";0;"Nee";"https://www.amsterdam.nl/privacy/specifieke/privacyverklaringen-e/crowdmanagement/";"POINT(4.9469769 52.3120404)";"POINT(52.3120404 4.9469769)";4.9469769;52.3120404
40;"GAAB-13";"Telcamera";"Eigen voeding via lichtnet";150;"Nee";"";"POINT(4.9436998 52.3121537)";"POINT(52.3121537 4.9436998)";4.9436998;52.3121537
41;"GAAB-13";"WiFi sensor";"Eigen voeding via lichtnet";0;"Nee";"https://www.amsterdam.nl/privacy/specifieke/privacyverklaringen-e/crowdmanagement/";"POINT(4.9436104 52.3122412)";"POINT(52.3122412 4.9436104)";4.9436104;52.3122412
42;"GAAB-08";"Telcamera";"Eigen voeding via lichtnet";185;"Nee";"";"POINT(4.9426186 52.3118578)";"POINT(52.3118578 4.9426186)";4.9426186;52.3118578
43;"GAAB-08";"WiFi sensor";"Eigen voeding via lichtnet";0;"Nee";"https://www.amsterdam.nl/privacy/specifieke/privacyverklaringen-e/crowdmanagement/";"POINT(4.9426424 52.3119672)";"POINT(52.3119672 4.9426424)";4.9426424;52.3119672
44;"GAAB-02";"WiFi sensor";"Eigen voeding via lichtnet";0;"Nee";"https://www.amsterdam.nl/privacy/specifieke/privacyverklaringen-e/crowdmanagement/";"POINT(4.9418324 52.3128315)";"POINT(52.3128315 4.9418324)";4.9418324;52.3128315
45;"GAAB-03";"Telcamera";"Eigen voeding via lichtnet";170;"Nee";"";"POINT(4.940806 52.3126431)";"POINT(52.3126431 4.940806)";4.940806;52.3126431
46;"GAAB-03";"WiFi sensor";"Eigen voeding via lichtnet";0;"Nee";"https://www.amsterdam.nl/privacy/specifieke/privacyverklaringen-e/crowdmanagement/";"POINT(4.9406707 52.3126478)";"POINT(52.3126478 4.9406707)";4.9406707;52.3126478
47;"GAAB-09";"WiFi sensor";"Eigen voeding via lichtnet";0;"Nee";"https://www.amsterdam.nl/privacy/specifieke/privacyverklaringen-e/crowdmanagement/";"POINT(4.9396819 52.3138791)";"POINT(52.3138791 4.9396819)";4.9396819;52.3138791
48;"GAAB-04";"Telcamera";"Eigen voeding via lichtnet";225;"Nee";"";"POINT(4.9374676 52.3145172)";"POINT(52.3145172 4.9374676)";4.9374676;52.3145172
49;"GAAB-04";"WiFi sensor";"Eigen voeding via lichtnet";0;"Nee";"https://www.amsterdam.nl/privacy/specifieke/privacyverklaringen-e/crowdmanagement/";"POINT(4.9375272 52.3144662)";"POINT(52.3144662 4.9375272)";4.9375272;52.3144662
50;"GAAB-05";"Telcamera";"Eigen voeding via lichtnet";350;"Nee";"";"POINT(4.9389899 52.3153294)";"POINT(52.3153294 4.9389899)";4.9389899;52.3153294
51;"GAAB-05";"WiFi sensor";"Eigen voeding via lichtnet";0;"Nee";"https://www.amsterdam.nl/privacy/specifieke/privacyverklaringen-e/crowdmanagement/";"POINT(4.9389839 52.3152383)";"POINT(52.3152383 4.9389839)";4.9389839;52.3152383
52;"GAAB-06";"Telcamera";"Eigen voeding via lichtnet";340;"Nee";"";"POINT(4.9414079 52.3161918)";"POINT(52.3161918 4.9414079)";4.9414079;52.3161918
53;"GAAB-06";"WiFi sensor";"Eigen voeding via lichtnet";0;"Nee";"https://www.amsterdam.nl/privacy/specifieke/privacyverklaringen-e/crowdmanagement/";"POINT(4.9414831 52.3161044)";"POINT(52.3161044 4.9414831)";4.9414831;52.3161044
54;"GVCV01";"Telcamera";"Vaste spanning";30;"Ja";"https://www.amsterdam.nl/privacy/specifieke/privacyverklaring-parkeren-verkeer-bouw/crowd-monitoring-systeem-amsterdam/";"POINT(4.899044 52.3806799)";"POINT(52.3806799 4.899044)";4.899044;52.3806799
55;"GVCV02";"Telcamera";"Vaste spanning";30;"Nee";"";"POINT(4.8991969 52.3806177)";"POINT(52.3806177 4.8991969)";4.8991969;52.3806177
57;"CMSA-GVCV04";"Telcamera";"Eigen voeding via lichtnet";30;"Ja";"https://www.amsterdam.nl/privacy/specifieke/privacyverklaring-parkeren-verkeer-bouw/crowd-monitoring-systeem-amsterdam/";"POINT(4.8995242 52.3805161)";"POINT(52.3805161 4.8995242)";4.8995242;52.3805161
58;"GVCV03";"Telcamera";"Vaste spanning";30;"Ja";"https://www.amsterdam.nl/privacy/specifieke/privacyverklaring-parkeren-verkeer-bouw/crowd-monitoring-systeem-amsterdam/";"POINT(4.8993605 52.3805669)";"POINT(52.3805669 4.8993605)";4.8993605;52.3805669
62;"GAKW-05";"WiFi sensor";"Eigen voeding via lichtnet";0;"Nee";"https://www.amsterdam.nl/privacy/specifieke/privacyverklaringen-e/crowdmanagement/";"POINT(4.8922527 52.3693896)";"POINT(52.3693896 4.8922527)";4.8922527;52.3693896
63;"GAKS-06";"WiFi sensor";"Eigen voeding via lichtnet";0;"Nee";"https://www.amsterdam.nl/privacy/specifieke/privacyverklaringen-e/crowdmanagement/";"POINT(4.8916733 52.3690096)";"POINT(52.3690096 4.8916733)";4.8916733;52.3690096
64;"GAKW-04";"WiFi sensor";"Eigen voeding via lichtnet";0;"Nee";"https://www.amsterdam.nl/privacy/specifieke/privacyverklaringen-e/crowdmanagement/";"POINT(4.8916368 52.3679271)";"POINT(52.3679271 4.8916368)";4.8916368;52.3679271
70;"GAWW-13";"Telcamera";"Vaste spanning";280;"Ja";"https://www.amsterdam.nl/privacy/specifieke/privacyverklaring-parkeren-verkeer-bouw/crowd-monitoring-systeem-amsterdam/";"POINT(4.8977005 52.3724254)";"POINT(52.3724254 4.8977005)";4.8977005;52.3724254
71;"GAWW-14";"Telcamera";"Vaste spanning";50;"Ja";"https://www.amsterdam.nl/privacy/specifieke/privacyverklaring-parkeren-verkeer-bouw/crowd-monitoring-systeem-amsterdam/";"POINT(4.8982684 52.3736112)";"POINT(52.3736112 4.8982684)";4.8982684;52.3736112
72;"GAWW-15";"Telcamera";"Vaste spanning";60;"Ja";"https://www.amsterdam.nl/privacy/specifieke/privacyverklaring-parkeren-verkeer-bouw/crowd-monitoring-systeem-amsterdam/";"POINT(4.8982156 52.3729119)";"POINT(52.3729119 4.8982156)";4.8982156;52.3729119
73;"GAWW-16";"Telcamera";"Vaste spanning";10;"Ja";"https://www.amsterdam.nl/privacy/specifieke/privacyverklaring-parkeren-verkeer-bouw/crowd-monitoring-systeem-amsterdam/";"POINT(4.8982454 52.3725964)";"POINT(52.3725964 4.8982454)";4.8982454;52.3725964
74;"GAWW-17";"Telcamera";"Vaste spanning";50;"Ja";"https://www.amsterdam.nl/privacy/specifieke/privacyverklaring-parkeren-verkeer-bouw/crowd-monitoring-systeem-amsterdam/";"POINT(4.8966407 52.3727814)";"POINT(52.3727814 4.8966407)";4.8966407;52.3727814
75;"GAWW-18";"Telcamera";"Vaste spanning";200;"Nee";"https://www.amsterdam.nl/privacy/specifieke/privacyverklaring-parkeren-verkeer-bouw/crowd-monitoring-systeem-amsterdam/";"POINT(4.8920825 52.3725561)";"POINT(52.3725561 4.8920825)";4.8920825;52.3725561
76;"GAWW-19";"Telcamera";"Vaste spanning";140;"Ja";"https://www.amsterdam.nl/privacy/specifieke/privacyverklaring-parkeren-verkeer-bouw/crowd-monitoring-systeem-amsterdam/";"POINT(4.8998098 52.3735784)";"POINT(52.3735784 4.8998098)";4.8998098;52.3735784
77;"GAWW-11";"Telcamera";"Vaste spanning";115;"Ja";"https://www.amsterdam.nl/privacy/specifieke/privacyverklaring-parkeren-verkeer-bouw/crowd-monitoring-systeem-amsterdam/";"POINT(4.8998347 52.3745986)";"POINT(52.3745986 4.8998347)";4.8998347;52.3745986
84;"CMSA-GAVM-02-1";"Corona CMSA";"Eigen voeding via lichtnet";0;"Nee";"https://www.amsterdam.nl/privacy/specifieke/privacyverklaring-parkeren-verkeer-bouw/cmsa-corona-privacy/";"POINT(4.8810503 52.361392)";"POINT(52.361392 4.8810503)";4.8810503;52.361392
85;"CMSA-GAVM-02-2";"Corona CMSA";"Eigen voeding via lichtnet";0;"Nee";"https://www.amsterdam.nl/privacy/specifieke/privacyverklaring-parkeren-verkeer-bouw/cmsa-corona-privacy/";"POINT(4.8809967 52.3614526)";"POINT(52.3614526 4.8809967)";4.8809967;52.3614526
90;"CMSA-GAVM-05-1";"Corona CMSA";"Eigen voeding via lichtnet";0;"Nee";"https://www.amsterdam.nl/privacy/specifieke/privacyverklaring-parkeren-verkeer-bouw/cmsa-corona-privacy/";"POINT(4.8557575 52.354964)";"POINT(52.354964 4.8557575)";4.8557575;52.354964
91;"CMSA-GAVM-05-2";"Corona CMSA";"Eigen voeding via lichtnet";0;"Nee";"https://www.amsterdam.nl/privacy/specifieke/privacyverklaring-parkeren-verkeer-bouw/cmsa-corona-privacy/";"POINT(4.8557736 52.3549263)";"POINT(52.3549263 4.8557736)";4.8557736;52.3549263
93;"CMSA-GAAM-01-2";"Corona CMSA";"Eigen voeding via lichtnet";0;"Nee";"https://www.amsterdam.nl/privacy/specifieke/privacyverklaring-parkeren-verkeer-bouw/cmsa-corona-privacy/";"POINT(4.8933597 52.3554614)";"POINT(52.3554614 4.8933597)";4.8933597;52.3554614
94;"CMSA-GAAM-01-1";"Corona CMSA";"Eigen voeding via lichtnet";0;"Nee";"https://www.amsterdam.nl/privacy/specifieke/privacyverklaring-parkeren-verkeer-bouw/cmsa-corona-privacy/";"POINT(4.8931813 52.3554541)";"POINT(52.3554541 4.8931813)";4.8931813;52.3554541
96;"CMSA-GVCV-06-Azartplein";"Telcamera";"Eigen voeding via lichtnet";280;"Ja";"https://www.amsterdam.nl/privacy/specifieke/privacyverklaring-parkeren-verkeer-bouw/crowdmanagement/";"POINT(4.9372811 52.3781018)";"POINT(52.3781018 4.9372811)";4.9372811;52.3781018
97;"CMSA-GVCV-07-PontsteigerN";"Telcamera";"Eigen voeding via lichtnet";40;"Ja";"https://www.amsterdam.nl/privacy/specifieke/privacyverklaring-parkeren-verkeer-bouw/crowdmanagement/";"POINT(4.8858611 52.392143)";"POINT(52.392143 4.8858611)";4.8858611;52.392143
98;"CMSA-GVCV-08-PontsteigerZ";"Telcamera";"Eigen voeding via lichtnet";40;"Ja";"https://www.amsterdam.nl/privacy/specifieke/privacyverklaring-parkeren-verkeer-bouw/crowdmanagement/";"POINT(4.8860056 52.3920293)";"POINT(52.3920293 4.8860056)";4.8860056;52.3920293
110;"CMSA-GAABM-02";"Telcamera";"Eigen voeding via lichtnet";280;"Nee";"https://www.amsterdam.nl/privacy/specifieke/privacyverklaring-parkeren-verkeer-bouw/public-eye/";"POINT(4.941447 52.3127722)";"POINT(52.3127722 4.941447)";4.941447;52.3127722
111;"CMSA-GAABM-03";"Telcamera";"Eigen voeding via lichtnet";280;"Nee";"https://www.amsterdam.nl/privacy/specifieke/privacyverklaring-parkeren-verkeer-bouw/public-eye/";"POINT(4.9424877 52.3126952)";"POINT(52.3126952 4.9424877)";4.9424877;52.3126952
112;"CMSA-GAABM-04";"Telcamera";"Eigen voeding via lichtnet";95;"Nee";"https://www.amsterdam.nl/privacy/specifieke/privacyverklaring-parkeren-verkeer-bouw/public-eye/";"POINT(4.942536 52.3126853)";"POINT(52.3126853 4.942536)";4.942536;52.3126853
113;"CMSA-GAABM-05";"Telcamera";"Eigen voeding via lichtnet";95;"Nee";"https://www.amsterdam.nl/privacy/specifieke/privacyverklaring-parkeren-verkeer-bouw/public-eye/";"POINT(4.9456121 52.3125151)";"POINT(52.3125151 4.9456121)";4.9456121;52.3125151
114;"CMSA-GABM-01";"Corona CMSA";"Eigen voeding via lichtnet";0;"Nee";"https://www.amsterdam.nl/privacy/specifieke/privacyverklaring-parkeren-verkeer-bouw/cmsa-corona-privacy/";"POINT(4.9722272 52.322424)";"POINT(52.322424 4.9722272)";4.9722272;52.322424
115;"CMSA-GABM-02";"Corona CMSA";"Eigen voeding via lichtnet";0;"Nee";"https://www.amsterdam.nl/privacy/specifieke/privacyverklaring-parkeren-verkeer-bouw/cmsa-corona-privacy/";"POINT(4.9547948 52.3152641)";"POINT(52.3152641 4.9547948)";4.9547948;52.3152641
116;"CMSA-GABM-03";"Corona CMSA";"Eigen voeding via lichtnet";0;"Nee";"https://www.amsterdam.nl/privacy/specifieke/privacyverklaring-parkeren-verkeer-bouw/cmsa-corona-privacy/";"POINT(4.9544501 52.3148472)";"POINT(52.3148472 4.9544501)";4.9544501;52.3148472
117;"CMSA-GABM-04";"Corona CMSA";"Eigen voeding via lichtnet";0;"Nee";"https://www.amsterdam.nl/privacy/specifieke/privacyverklaring-parkeren-verkeer-bouw/cmsa-corona-privacy/";"POINT(4.9535891 52.3146718)";"POINT(52.3146718 4.9535891)";4.9535891;52.3146718
118;"CMSA-GABM-05";"Corona CMSA";"Eigen voeding via lichtnet";0;"Nee";"https://www.amsterdam.nl/privacy/specifieke/privacyverklaring-parkeren-verkeer-bouw/cmsa-corona-privacy/";"POINT(4.9522437 52.3142082)";"POINT(52.3142082 4.9522437)";4.9522437;52.3142082
119;"CMSA-GAVM-06";"Corona CMSA";"Eigen voeding via lichtnet";0;"Nee";"https://www.amsterdam.nl/privacy/specifieke/privacyverklaring-parkeren-verkeer-bouw/cmsa-corona-privacy/";"POINT(4.8653655 52.3591045)";"POINT(52.3591045 4.8653655)";4.8653655;52.3591045
120;"CMSA-GAVM-01-1";"Corona CMSA";"Eigen voeding via lichtnet";0;"Nee";"https://www.amsterdam.nl/privacy/specifieke/privacyverklaring-parkeren-verkeer-bouw/cmsa-corona-privacy/";"POINT(4.8739057 52.3610939)";"POINT(52.3610939 4.8739057)";4.8739057;52.3610939
121;"CMSA-GAVM-01-2";"Corona CMSA";"Eigen voeding via lichtnet";0;"Nee";"https://www.amsterdam.nl/privacy/specifieke/privacyverklaring-parkeren-verkeer-bouw/cmsa-corona-privacy/";"POINT(4.8738628 52.3610873)";"POINT(52.3610873 4.8738628)";4.8738628;52.3610873
122;"CMSA-GAVM-03-1";"Corona CMSA";"Eigen voeding via lichtnet";0;"Nee";"https://www.amsterdam.nl/privacy/specifieke/privacyverklaring-parkeren-verkeer-bouw/cmsa-corona-privacy/";"POINT(4.8717689 52.3576969)";"POINT(52.3576969 4.8717689)";4.8717689;52.3576969
123;"CMSA-GAVM-03-2";"Corona CMSA";"Eigen voeding via lichtnet";0;"Nee";"https://www.amsterdam.nl/privacy/specifieke/privacyverklaring-parkeren-verkeer-bouw/cmsa-corona-privacy/";"POINT(4.8718346 52.357719)";"POINT(52.357719 4.8718346)";4.8718346;52.357719
124;"CMSA-GAVM-04-1";"Corona CMSA";"Eigen voeding via lichtnet";0;"Nee";"https://www.amsterdam.nl/privacy/specifieke/privacyverklaring-parkeren-verkeer-bouw/cmsa-corona-privacy/";"POINT(4.8618202 52.3555803)";"POINT(52.3555803 4.8618202)";4.8618202;52.3555803
125;"CMSA-GAVM-04-2";"Corona CMSA";"Eigen voeding via lichtnet";0;"Nee";"https://www.amsterdam.nl/privacy/specifieke/privacyverklaring-parkeren-verkeer-bouw/cmsa-corona-privacy/";"POINT(4.8618591 52.3555885)";"POINT(52.3555885 4.8618591)";4.8618591;52.3555885
126;"CMSA-GACM-04-1";"3D sensor";"Eigen voeding via lichtnet";0;"Ja";"https://www.amsterdam.nl/privacy/specifieke/privacyverklaring-parkeren-verkeer-bouw/crowd-monitoring-systeem-amsterdam/";"POINT(4.8980772 52.3770161)";"POINT(52.3770161 4.8980772)";4.8980772;52.3770161
127;"CMSA-GACM-04-2";"3D sensor";"Eigen voeding via lichtnet";0;"Ja";"https://www.amsterdam.nl/privacy/specifieke/privacyverklaring-parkeren-verkeer-bouw/crowd-monitoring-systeem-amsterdam/";"POINT(4.8980343 52.3770562)";"POINT(52.3770562 4.8980343)";4.8980343;52.3770562
128;"CMSA-GACM-01";"3D sensor";"Eigen voeding via lichtnet";0;"Nee";"https://www.amsterdam.nl/privacy/specifieke/privacyverklaring-parkeren-verkeer-bouw/crowd-monitoring-systeem-amsterdam/";"POINT(4.8916698 52.370534)";"POINT(52.370534 4.8916698)";4.8916698;52.370534
130;"CMSA-GACM-03";"3D sensor";"Eigen voeding via lichtnet";0;"Nee";"https://www.amsterdam.nl/privacy/specifieke/privacyverklaring-parkeren-verkeer-bouw/crowd-monitoring-systeem-amsterdam/";"POINT(4.8923767 52.3702734)";"POINT(52.3702734 4.8923767)";4.8923767;52.3702734
131;"CMSA-GADM-01-1";"Telcamera";"Eigen voeding via lichtnet";250;"Nee";"https://www.amsterdam.nl/privacy/specifieke/privacyverklaring-parkeren-verkeer-bouw/crowd-monitoring-systeem-amsterdam/";"POINT(4.8930852 52.3731321)";"POINT(52.3731321 4.8930852)";4.8930852;52.3731321
132;"CMSA-GABM-06";"Corona CMSA";"Eigen voeding via lichtnet";0;"Nee";"https://www.amsterdam.nl/privacy/specifieke/privacyverklaring-parkeren-verkeer-bouw/cmsa-corona-privacy/";"POINT(4.9528493 52.3142728)";"POINT(52.3142728 4.9528493)";4.9528493;52.3142728
133;"CMSA-GVCV04.1";"Telcamera";"Eigen voeding via lichtnet";30;"Nee";"";"POINT(4.8995068 52.3805191)";"POINT(52.3805191 4.8995068)";4.8995068;52.3805191
134;"CMSA-GAMM-01";"Corona CMSA";"Eigen voeding via lichtnet";0;"Nee";"https://www.amsterdam.nl/privacy/specifieke/privacyverklaring-parkeren-verkeer-bouw/cmsa-corona-privacy/";"POINT(4.882626 52.3578538)";"POINT(52.3578538 4.882626)";4.882626;52.3578538
135;"CMSA-GAWW-20";"Telcamera";"Vaste spanning";140;"Ja";"https://www.amsterdam.nl/privacy/specifieke/privacyverklaring-parkeren-verkeer-bouw/crowd-monitoring-systeem-amsterdam/";"POINT(4.8974034 52.3753574)";"POINT(52.3753574 4.8974034)";4.8974034;52.3753574
136;"CMSA-GAWW-24";"Telcamera";"Vaste spanning";140;"Nee";"https://www.amsterdam.nl/privacy/specifieke/privacyverklaring-parkeren-verkeer-bouw/crowd-monitoring-systeem-amsterdam/";"POINT(4.899209 52.3765254)";"POINT(52.3765254 4.899209)";4.899209;52.3765254
137;"CMSA-GAWW-23";"Telcamera";"Vaste spanning";290;"Ja";"https://www.amsterdam.nl/privacy/specifieke/privacyverklaring-parkeren-verkeer-bouw/crowd-monitoring-systeem-amsterdam/";"POINT(4.8998248 52.3727819)";"POINT(52.3727819 4.8998248)";4.8998248;52.3727819
138;"CMSA-GAWW-22";"Telcamera";"Eigen voeding via lichtnet";200;"Nee";"https://www.amsterdam.nl/privacy/specifieke/privacyverklaring-parkeren-verkeer-bouw/crowd-monitoring-systeem-amsterdam/";"POINT(4.8989324 52.371487)";"POINT(52.371487 4.8989324)";4.8989324;52.371487
139;"CMSA-GAWW-21";"Telcamera";"Eigen voeding via lichtnet";295;"Ja";"https://www.amsterdam.nl/privacy/specifieke/privacyverklaring-parkeren-verkeer-bouw/crowd-monitoring-systeem-amsterdam/";"POINT(4.8955096 52.3719457)";"POINT(52.3719457 4.8955096)";4.8955096;52.3719457
140;"CMSA-GASZ-02-1";"Corona CMSA";"Vaste spanning";180;"Nee";"https://www.amsterdam.nl/privacy/specifieke/privacyverklaring-parkeren-verkeer-bouw/cmsa-corona-privacy/";"POINT(4.8735962 52.338398)";"POINT(52.338398 4.8735962)";4.8735962;52.338398
141;"CMSA-GASZ-02-2";"Corona CMSA";"Eigen voeding via lichtnet";180;"Nee";"https://www.amsterdam.nl/privacy/specifieke/privacyverklaring-parkeren-verkeer-bouw/cmsa-corona-privacy/";"POINT(4.8735372 52.3384013)";"POINT(52.3384013 4.8735372)";4.8735372;52.3384013
142;"CMSA-GASZ-01-1";"Corona CMSA";"Vaste spanning";45;"Nee";"https://www.amsterdam.nl/privacy/specifieke/privacyverklaring-parkeren-verkeer-bouw/cmsa-corona-privacy/";"POINT(4.87321 52.3395833)";"POINT(52.3395833 4.87321)";4.87321;52.3395833
143;"CMSA-GASZ-01-2";"Corona CMSA";"Vaste spanning";270;"Nee";"https://www.amsterdam.nl/privacy/specifieke/privacyverklaring-parkeren-verkeer-bouw/cmsa-corona-privacy/";"POINT(4.8733532 52.3395885)";"POINT(52.3395885 4.8733532)";4.8733532;52.3395885
144;"CMSA-GAKH-01";"Telcamera";"Vaste spanning";210;"Ja";"https://www.amsterdam.nl/privacy/specifieke/privacyverklaring-parkeren-verkeer-bouw/crowd-monitoring-systeem-amsterdam/";"POINT(4.8920786 52.3725998)";"POINT(52.3725998 4.8920786)";4.8920786;52.3725998
145;"CMSA-GAWW-12";"Telcamera";"Eigen voeding via lichtnet";115;"Ja";"https://www.amsterdam.nl/privacy/specifieke/privacyverklaring-parkeren-verkeer-bouw/crowd-monitoring-systeem-amsterdam/";"POINT(4.8987053 52.3738687)";"POINT(52.3738687 4.8987053)";4.8987053;52.3738687
146;"CMSA-GJEM-02-1";"Corona CMSA";"Eigen voeding via lichtnet";270;"Nee";"https://www.amsterdam.nl/privacy/specifieke/privacyverklaring-parkeren-verkeer-bouw/cmsa-corona-privacy/";"POINT(4.9390011 52.3150683)";"POINT(52.3150683 4.9390011)";4.9390011;52.3150683
147;"CMSA-GJEM-02-2";"Corona CMSA";"Eigen voeding via lichtnet";270;"Nee";"https://www.amsterdam.nl/privacy/specifieke/privacyverklaring-parkeren-verkeer-bouw/cmsa-corona-privacy/";"POINT(4.938968 52.3150875)";"POINT(52.3150875 4.938968)";4.938968;52.3150875
148;"CMSA-GJEM-02-3";"Corona CMSA";"Eigen voeding via lichtnet";0;"Nee";"https://www.amsterdam.nl/privacy/specifieke/privacyverklaring-parkeren-verkeer-bouw/cmsa-corona-privacy/";"POINT(4.9388494 52.3150596)";"POINT(52.3150596 4.9388494)";4.9388494;52.3150596
149;"CMSA-GJEM-01-1 ";"Corona CMSA";"Eigen voeding via lichtnet";0;"Nee";"https://www.amsterdam.nl/privacy/specifieke/privacyverklaring-parkeren-verkeer-bouw/cmsa-corona-privacy/";"POINT(4.9374606 52.3145263)";"POINT(52.3145263 4.9374606)";4.9374606;52.3145263
150;"CMSA-GJEM-01-2";"Corona CMSA";"Eigen voeding via lichtnet";0;"Nee";"https://www.amsterdam.nl/privacy/specifieke/privacyverklaring-parkeren-verkeer-bouw/cmsa-corona-privacy/";"POINT(4.9375123 52.3144701)";"POINT(52.3144701 4.9375123)";4.9375123;52.3144701
151;"CMSA-GJEM-01-3";"Corona CMSA";"Eigen voeding via lichtnet";0;"Nee";"https://www.amsterdam.nl/privacy/specifieke/privacyverklaring-parkeren-verkeer-bouw/cmsa-corona-privacy/";"POINT(4.9375572 52.3144193)";"POINT(52.3144193 4.9375572)";4.9375572;52.3144193
152;"CMSA-GJEM-03-1";"Corona CMSA";"Eigen voeding via lichtnet";0;"Nee";"https://www.amsterdam.nl/privacy/specifieke/privacyverklaring-parkeren-verkeer-bouw/cmsa-corona-privacy/";"POINT(4.9446027 52.3130349)";"POINT(52.3130349 4.9446027)";4.9446027;52.3130349
153;"CMSA-GJEM-03-2";"Corona CMSA";"Eigen voeding via lichtnet";0;"Nee";"https://www.amsterdam.nl/privacy/specifieke/privacyverklaring-parkeren-verkeer-bouw/cmsa-corona-privacy/";"POINT(4.9446094 52.3130731)";"POINT(52.3130731 4.9446094)";4.9446094;52.3130731
154;"CMSA-GJEM-04-1";"Corona CMSA";"Eigen voeding via lichtnet";0;"Nee";"https://www.amsterdam.nl/privacy/specifieke/privacyverklaring-parkeren-verkeer-bouw/cmsa-corona-privacy/";"POINT(4.9444847 52.3129349)";"POINT(52.3129349 4.9444847)";4.9444847;52.3129349
155;"CMSA-GJEM-04-2";"Corona CMSA";"Eigen voeding via lichtnet";0;"Nee";"https://www.amsterdam.nl/privacy/specifieke/privacyverklaring-parkeren-verkeer-bouw/cmsa-corona-privacy/";"POINT(4.944533 52.3128947)";"POINT(52.3128947 4.944533)";4.944533;52.3128947
177;"CMSA-GVCV05";"Telcamera";"Vaste spanning";20;"Nee";"https://www.amsterdam.nl/privacy/specifieke/privacyverklaring-parkeren-verkeer-bouw/crowd-monitoring-systeem-amsterdam/";"POINT(4.9046391 52.3786955)";"POINT(52.3786955 4.9046391)";4.9046391;52.3786955
178;"CMSA-GACTO-PL4-01";"Telcamera";"Eigen voeding via lichtnet";100;"Nee";"https://www.amsterdam.nl/privacy/specifieke/privacyverklaring-parkeren-verkeer-bouw/public-eye/";"POINT(4.8215309 52.3805996)";"POINT(52.3805996 4.8215309)";4.8215309;52.3805996
179;"CMSA-GAWP-02";"Telcamera";"Eigen voeding via lichtnet";255;"Nee";"https://www.amsterdam.nl/privacy/specifieke/privacyverklaring-parkeren-verkeer-bouw/langzaam-verkeer-tellingen-amsterdamse/";"POINT(4.8557492 52.3302774)";"POINT(52.3302774 4.8557492)";4.8557492;52.3302774
180;"CMSA-GAWP-05-1";"Telcamera";"Eigen voeding via lichtnet";270;"Nee";"https://www.amsterdam.nl/privacy/specifieke/privacyverklaring-parkeren-verkeer-bouw/langzaam-verkeer-tellingen-amsterdamse/";"POINT(4.8568918 52.3279985)";"POINT(52.3279985 4.8568918)";4.8568918;52.3279985
181;"CMSA-GAWP-05-2";"Telcamera";"Eigen voeding via lichtnet";270;"Nee";"https://www.amsterdam.nl/privacy/specifieke/privacyverklaring-parkeren-verkeer-bouw/langzaam-verkeer-tellingen-amsterdamse/";"POINT(4.8568422 52.3275461)";"POINT(52.3275461 4.8568422)";4.8568422;52.3275461
182;"CMSA-GAWP-06";"Telcamera";"Eigen voeding via lichtnet";255;"Nee";"https://www.amsterdam.nl/privacy/specifieke/privacyverklaring-parkeren-verkeer-bouw/langzaam-verkeer-tellingen-amsterdamse/";"POINT(4.8564149 52.3216965)";"POINT(52.3216965 4.8564149)";4.8564149;52.3216965
183;"CMSA-GAWP-09";"Telcamera";"Eigen voeding via lichtnet";270;"Nee";"https://www.amsterdam.nl/privacy/specifieke/privacyverklaring-parkeren-verkeer-bouw/langzaam-verkeer-tellingen-amsterdamse/";"POINT(4.8414208 52.3115116)";"POINT(52.3115116 4.8414208)";4.8414208;52.3115116
184;"CMSA-GAWP-15";"Telcamera";"Eigen voeding via lichtnet";330;"Nee";"https://www.amsterdam.nl/privacy/specifieke/privacyverklaring-parkeren-verkeer-bouw/langzaam-verkeer-tellingen-amsterdamse/";"POINT(4.8314612 52.2954312)";"POINT(52.2954312 4.8314612)";4.8314612;52.2954312
185;"CMSA-GAWP-16";"Telcamera";"Eigen voeding via lichtnet";60;"Nee";"https://www.amsterdam.nl/privacy/specifieke/privacyverklaring-parkeren-verkeer-bouw/langzaam-verkeer-tellingen-amsterdamse/";"POINT(4.8228468 52.2929643)";"POINT(52.2929643 4.8228468)";4.8228468;52.2929643
186;"CMSA-GAWP-20";"Telcamera";"Eigen voeding via lichtnet";45;"Nee";"https://www.amsterdam.nl/privacy/specifieke/privacyverklaring-parkeren-verkeer-bouw/langzaam-verkeer-tellingen-amsterdamse/";"POINT(4.8123181 52.3046393)";"POINT(52.3046393 4.8123181)";4.8123181;52.3046393
187;"CMSA-GACM-02";"3D sensor";"Eigen voeding via lichtnet";0;"Nee";"https://www.amsterdam.nl/privacy/specifieke/privacyverklaring-parkeren-verkeer-bouw/crowd-monitoring-systeem-amsterdam/";"POINT(4.8926959 52.3736129)";"POINT(52.3736129 4.8926959)";4.8926959;52.3736129
199;"CMSA-GVCV-05-A-IJpleinWest";"Telcamera";"Eigen voeding via lichtnet";340;"Ja";"https://www.amsterdam.nl/privacy/specifieke/privacyverklaring-parkeren-verkeer-bouw/crowd-monitoring-systeem-amsterdam/";"POINT(4.9057274 52.3785379)";"POINT(52.3785379 4.9057274)";4.9057274;52.3785379
200;"CMSA-GVCV-05-B-IJpleinOost";"Telcamera";"Eigen voeding via lichtnet";40;"Ja";"https://www.amsterdam.nl/privacy/specifieke/privacyverklaring-parkeren-verkeer-bouw/crowd-monitoring-systeem-amsterdam/";"POINT(4.9057415 52.3785354)";"POINT(52.3785354 4.9057415)";4.9057415;52.3785354
201;"CMSA-NDW-01";"3D sensor";"Eigen voeding via lichtnet";0;"Nee";"https://www.amsterdam.nl/privacy/specifieke/privacyverklaring-parkeren-verkeer-bouw/crowd-monitoring-systeem-amsterdam/ ";"POINT(5.1536179 52.0948928)";"POINT(52.0948928 5.1536179)";5.1536179;52.0948928
202;"CMSA-GASP-01-Noord";"3D sensor";"Eigen voeding via lichtnet";0;"Nee";"https://www.amsterdam.nl/privacy/specifieke/privacyverklaring-parkeren-verkeer-bouw/privacy-verkeersonderzoeken/";"POINT(4.8506664 52.3443789)";"POINT(52.3443789 4.8506664)";4.8506664;52.3443789
203;"CMSA-GASP-02-Zuid";"3D sensor";"Eigen voeding via lichtnet";0;"Nee";"https://www.amsterdam.nl/privacy/specifieke/privacyverklaring-parkeren-verkeer-bouw/privacy-verkeersonderzoeken/";"POINT(4.8511177 52.3435469)";"POINT(52.3435469 4.8511177)";4.8511177;52.3435469
204;"GVCV-09 Zeeburg";"Telcamera";"Eigen voeding via lichtnet";85;"Ja";"https://www.amsterdam.nl/privacy/specifieke/privacyverklaring-parkeren-verkeer-bouw/crowd-monitoring-systeem-amsterdam/#hc7fb38cc-2d96-4855-a903-1a24e587111a";"POINT(4.9495769 52.3744128)";"POINT(52.3744128 4.9495769)";4.9495769;52.3744128
205;"GABP-01-West";"Telcamera";"Eigen voeding via lichtnet";70;"Nee";"https://www.amsterdam.nl/privacy/specifieke/privacyverklaring-parkeren-verkeer-bouw/privacy-verkeersonderzoeken/";"POINT(4.8340607 52.3039931)";"POINT(52.3039931 4.8340607)";4.8340607;52.3039931
206;"GABP-02-Oost";"Telcamera";"Eigen voeding via lichtnet";290;"Nee";"https://www.amsterdam.nl/privacy/specifieke/privacyverklaring-parkeren-verkeer-bouw/privacy-verkeersonderzoeken/";"POINT(4.8383564 52.3033301)";"POINT(52.3033301 4.8383564)";4.8383564;52.3033301
207;"GWKP-01-MarnixpleinNoord";"Telcamera";"Eigen voeding via lichtnet";70;"Nee";"https://www.amsterdam.nl/privacy/specifieke/privacyverklaring-parkeren-verkeer-bouw/crowd-monitoring-systeem-amsterdam/";"POINT(4.8793344 52.3777535)";"POINT(52.3777535 4.8793344)";4.8793344;52.3777535
208;"GWKP-02-MarnixpleinZuid";"Telcamera";"Eigen voeding via lichtnet";70;"Nee";"https://www.amsterdam.nl/privacy/specifieke/privacyverklaring-parkeren-verkeer-bouw/crowd-monitoring-systeem-amsterdam/";"POINT(4.8793962 52.3776132)";"POINT(52.3776132 4.8793962)";4.8793962;52.3776132
209;"GWKP-03-NoordermarktZuid";"Telcamera";"Eigen voeding via lichtnet";255;"Nee";"https://www.amsterdam.nl/privacy/specifieke/privacyverklaring-parkeren-verkeer-bouw/crowd-monitoring-systeem-amsterdam/";"POINT(4.8862009 52.3788391)";"POINT(52.3788391 4.8862009)";4.8862009;52.3788391
210;"GWKP-04-NoordermarktNoord";"Telcamera";"Eigen voeding via lichtnet";255;"Nee";"https://www.amsterdam.nl/privacy/specifieke/privacyverklaring-parkeren-verkeer-bouw/crowd-monitoring-systeem-amsterdam/";"POINT(4.8861272 52.3789832)";"POINT(52.3789832 4.8861272)";4.8861272;52.3789832
211;"GACP-01";"Telcamera";"Eigen voeding via lichtnet";25;"Nee";"https://www.amsterdam.nl/privacy/specifieke/privacyverklaring-parkeren-verkeer-bouw/crowd-monitoring-systeem-amsterdam/";"POINT(4.8961038 52.3800003)";"POINT(52.3800003 4.8961038)";4.8961038;52.3800003
212;"GACP-02";"Telcamera";"Eigen voeding via lichtnet";25;"Nee";"https://www.amsterdam.nl/privacy/specifieke/privacyverklaring-parkeren-verkeer-bouw/crowd-monitoring-systeem-amsterdam/";"POINT(4.8981219 52.3791325)";"POINT(52.3791325 4.8981219)";4.8981219;52.3791325
213;"GACP-03";"Telcamera";"Eigen voeding via lichtnet";170;"Nee";"https://www.amsterdam.nl/privacy/specifieke/privacyverklaring-parkeren-verkeer-bouw/crowd-monitoring-systeem-amsterdam/";"POINT(4.9098464 52.3772068)";"POINT(52.3772068 4.9098464)";4.9098464;52.3772068
214;"GASP-01-EduardVanBeinumstraat Oost";"Telcamera";"Eigen voeding via lichtnet";260;"Nee";"https://www.amsterdam.nl/privacy/specifieke/privacyverklaring-parkeren-verkeer-bouw/crowd-monitoring-systeem-amsterdam/";"POINT(4.8726111 52.3397038)";"POINT(52.3397038 4.8726111)";4.8726111;52.3397038
215;"GASP-02-MathijsVermeulenpad";"Telcamera";"Eigen voeding via lichtnet";260;"Nee";"https://www.amsterdam.nl/privacy/specifieke/privacyverklaring-parkeren-verkeer-bouw/crowd-monitoring-systeem-amsterdam/";"POINT(4.8763891 52.3398312)";"POINT(52.3398312 4.8763891)";4.8763891;52.3398312
216;"GASP-03-Spoorslag";"Telcamera";"Eigen voeding via lichtnet";90;"Nee";"https://www.amsterdam.nl/privacy/specifieke/privacyverklaring-parkeren-verkeer-bouw/crowd-monitoring-systeem-amsterdam/";"POINT(4.8745046 52.3383333)";"POINT(52.3383333 4.8745046)";4.8745046;52.3383333
217;"GASP-04-GMahlerplein";"Telcamera";"Eigen voeding via lichtnet";90;"Nee";"https://www.amsterdam.nl/privacy/specifieke/privacyverklaring-parkeren-verkeer-bouw/crowd-monitoring-systeem-amsterdam/";"POINT(4.8736731 52.3376802)";"POINT(52.3376802 4.8736731)";4.8736731;52.3376802
218;"GASP-05-EduardVanBeinumstraat West";"Telcamera";"Eigen voeding via lichtnet";80;"Nee";"https://www.amsterdam.nl/privacy/specifieke/privacyverklaring-parkeren-verkeer-bouw/crowd-monitoring-systeem-amsterdam/";"POINT(4.8696675 52.3396505)";"POINT(52.3396505 4.8696675)";4.8696675;52.3396505
219;"GASP-06-ClaudeDebussylaan";"Telcamera";"Eigen voeding via lichtnet";250;"Nee";"https://www.amsterdam.nl/privacy/specifieke/privacyverklaring-parkeren-verkeer-bouw/crowd-monitoring-systeem-amsterdam/";"POINT(4.8726994 52.3376204)";"POINT(52.3376204 4.8726994)";4.8726994;52.3376204
220;"GASP-07-ParnassuswegNoordOost";"Telcamera";"Eigen voeding via lichtnet";180;"Nee";"https://www.amsterdam.nl/privacy/specifieke/privacyverklaring-parkeren-verkeer-bouw/crowd-monitoring-systeem-amsterdam/";"POINT(4.8688632 52.3394176)";"POINT(52.3394176 4.8688632)";4.8688632;52.3394176
221;"GASP-08-ParnassuswegZuidOost";"Telcamera";"Eigen voeding via lichtnet";0;"Nee";"https://www.amsterdam.nl/privacy/specifieke/privacyverklaring-parkeren-verkeer-bouw/crowd-monitoring-systeem-amsterdam/";"POINT(4.8689389 52.3380801)";"POINT(52.3380801 4.8689389)";4.8689389;52.3380801
222;"GVCV-13";"Telcamera";"Eigen voeding via lichtnet";190;"Ja";"https://www.amsterdam.nl/privacy/specifieke/privacyverklaring-parkeren-verkeer-bouw/crowd-monitoring-systeem-amsterdam/ ";"POINT(4.9030459 52.3823773)";"POINT(52.3823773 4.9030459)";4.9030459;52.3823773
223;"GVCV-14";"Telcamera";"Eigen voeding via lichtnet";270;"Ja";"https://www.amsterdam.nl/privacy/specifieke/privacyverklaring-parkeren-verkeer-bouw/crowd-monitoring-systeem-amsterdam/";"POINT(4.9033678 52.3821584)";"POINT(52.3821584 4.9033678)";4.9033678;52.3821584
224;"GVCV-11";"Telcamera";"Eigen voeding via lichtnet";230;"Ja";"https://www.amsterdam.nl/privacy/specifieke/privacyverklaring-parkeren-verkeer-bouw/crowd-monitoring-systeem-amsterdam/";"POINT(4.8913649 52.4010853)";"POINT(52.4010853 4.8913649)";4.8913649;52.4010853
225;"GARP-01-Sloterdijk";"Telcamera";"Eigen voeding via lichtnet";300;"Nee";"https://www.amsterdam.nl/privacy/specifieke/privacyverklaring-parkeren-verkeer-bouw/crowd-monitoring-systeem-amsterdam/";"POINT(4.8395605 52.3886255)";"POINT(52.3886255 4.8395605)";4.8395605;52.3886255
226;"GARP-02-Sloterdijk";"Telcamera";"Eigen voeding via lichtnet";350;"Nee";"https://www.amsterdam.nl/privacy/specifieke/privacyverklaring-parkeren-verkeer-bouw/crowd-monitoring-systeem-amsterdam/ ";"POINT(4.8384681 52.3886031)";"POINT(52.3886031 4.8384681)";4.8384681;52.3886031
227;"GARP-03-B-Sloterdijk";"Telcamera";"Eigen voeding via lichtnet";0;"Nee";"https://www.amsterdam.nl/privacy/specifieke/privacyverklaring-parkeren-verkeer-bouw/crowd-monitoring-systeem-amsterdam/ ";"POINT(4.8372639 52.3888727)";"POINT(52.3888727 4.8372639)";4.8372639;52.3888727
228;"GARP-03-A-Sloterdijk";"Telcamera";"Eigen voeding via lichtnet";0;"Nee";"https://www.amsterdam.nl/privacy/specifieke/privacyverklaring-parkeren-verkeer-bouw/crowd-monitoring-systeem-amsterdam/ ";"POINT(4.8373405 52.388864)";"POINT(52.388864 4.8373405)";4.8373405;52.388864
229;"GARP-04-StationZuid";"Telcamera";"Eigen voeding via lichtnet";180;"Nee";"https://www.amsterdam.nl/privacy/specifieke/privacyverklaring-parkeren-verkeer-bouw/crowd-monitoring-systeem-amsterdam/ ";"POINT(4.8732626 52.3397312)";"POINT(52.3397312 4.8732626)";4.8732626;52.3397312
230;"GARP-05-StationZuid";"Telcamera";"Eigen voeding via lichtnet";355;"Nee";"https://www.amsterdam.nl/privacy/specifieke/privacyverklaring-parkeren-verkeer-bouw/crowd-monitoring-systeem-amsterdam/ ";"POINT(4.8736033 52.3381022)";"POINT(52.3381022 4.8736033)";4.8736033;52.3381022
231;"GASA-06-B";"Telcamera";"Eigen voeding via lichtnet";250;"Nee";"https://www.amsterdam.nl/privacy/specifieke/privacyverklaring-parkeren-verkeer-bouw/crowd-monitoring-systeem-amsterdam/";"POINT(4.9372891 52.3780815)";"POINT(52.3780815 4.9372891)";4.9372891;52.3780815
232;"GASA-01-A1";"Telcamera";"Eigen voeding via lichtnet";135;"Nee";"https://www.amsterdam.nl/privacy/specifieke/privacyverklaring-parkeren-verkeer-bouw/crowd-monitoring-systeem-amsterdam/ ";"POINT(4.9003208 52.3804457)";"POINT(52.3804457 4.9003208)";4.9003208;52.3804457
233;"GASA-01-A2";"Telcamera";"Eigen voeding via lichtnet";135;"Nee";"https://www.amsterdam.nl/privacy/specifieke/privacyverklaring-parkeren-verkeer-bouw/crowd-monitoring-systeem-amsterdam/ ";"POINT(4.9002698 52.3804015)";"POINT(52.3804015 4.9002698)";4.9002698;52.3804015
234;"GASA-01-B";"Telcamera";"Eigen voeding via lichtnet";135;"Nee";"https://www.amsterdam.nl/privacy/specifieke/privacyverklaring-parkeren-verkeer-bouw/crowd-monitoring-systeem-amsterdam/ ";"POINT(4.8999801 52.3803213)";"POINT(52.3803213 4.8999801)";4.8999801;52.3803213
235;"GASA-01-C";"Telcamera";"Eigen voeding via lichtnet";135;"Nee";"https://www.amsterdam.nl/privacy/specifieke/privacyverklaring-parkeren-verkeer-bouw/crowd-monitoring-systeem-amsterdam/ ";"POINT(4.8999131 52.3802722)";"POINT(52.3802722 4.8999131)";4.8999131;52.3802722
236;"GASA-02-01";"Telcamera";"Eigen voeding via lichtnet";135;"Nee";"https://www.amsterdam.nl/privacy/specifieke/privacyverklaring-parkeren-verkeer-bouw/crowd-monitoring-systeem-amsterdam/ ";"POINT(4.9046901 52.3786578)";"POINT(52.3786578 4.9046901)";4.9046901;52.3786578
237;"GASA-02-02";"Telcamera";"Eigen voeding via lichtnet";135;"Nee";"https://www.amsterdam.nl/privacy/specifieke/privacyverklaring-parkeren-verkeer-bouw/crowd-monitoring-systeem-amsterdam/ ";"POINT(4.9046311 52.3785776)";"POINT(52.3785776 4.9046311)";4.9046311;52.3785776
238;"GASA-03";"Telcamera";"Eigen voeding via lichtnet";135;"Nee";"https://www.amsterdam.nl/privacy/specifieke/privacyverklaring-parkeren-verkeer-bouw/crowd-monitoring-systeem-amsterdam/ ";"POINT(4.9111113 52.3775804)";"POINT(52.3775804 4.9111113)";4.9111113;52.3775804
239;"GASA-04";"Telcamera";"Eigen voeding via lichtnet";135;"Nee";"https://www.amsterdam.nl/privacy/specifieke/privacyverklaring-parkeren-verkeer-bouw/crowd-monitoring-systeem-amsterdam/ ";"POINT(4.9034263 52.3770626)";"POINT(52.3770626 4.9034263)";4.9034263;52.3770626
240;"GASA-05-O";"Telcamera";"Eigen voeding via lichtnet";135;"Nee";"https://www.amsterdam.nl/privacy/specifieke/privacyverklaring-parkeren-verkeer-bouw/crowd-monitoring-systeem-amsterdam/ ";"POINT(4.9193525 52.3890877)";"POINT(52.3890877 4.9193525)";4.9193525;52.3890877
241;"GASA-05-W";"Telcamera";"Eigen voeding via lichtnet";135;"Nee";"https://www.amsterdam.nl/privacy/specifieke/privacyverklaring-parkeren-verkeer-bouw/crowd-monitoring-systeem-amsterdam/ ";"POINT(4.9188868 52.3892492)";"POINT(52.3892492 4.9188868)";4.9188868;52.3892492

